Precision,Recall
0.288421419,1
0.288665639,0.99999853
0.28891217,0.99999853
0.289160075,0.99999853
0.289409868,0.999998163
0.289661081,0.999997796
0.28991321,0.999997061
0.290164015,0.999996326
0.290415538,0.999994857
0.290666736,0.999990448
0.290919958,0.999986039
0.291174603,0.999981998
0.291430248,0.999976854
0.291686421,0.999972078
0.291946952,0.999971343
0.29220656,0.999969506
0.292465538,0.999964363
0.292725139,0.999961056
0.292987144,0.999957382
0.293250393,0.999954076
0.293514407,0.999950035
0.293780276,0.999946361
0.29404614,0.999942319
0.294314594,0.99993938
0.294582081,0.999933869
0.294851366,0.999930195
0.295121812,0.999925419
0.295392405,0.999920643
0.29566648,0.999914765
0.29594114,0.999911091
0.296217417,0.999906682
0.296495545,0.999901539
0.296772239,0.999893824
0.297049946,0.999888313
0.297330766,0.999883537
0.29761242,0.999876924
0.297894418,0.999871413
0.298178894,0.999866269
0.298461221,0.999860758
0.298748253,0.999857452
0.299035157,0.999850104
0.299324978,0.999844593
0.299610162,0.999836143
0.299900423,0.999829897
0.300192289,0.999822917
0.300486175,0.999816671
0.30078033,0.999812263
0.301077177,0.999803813
0.301372069,0.999794995
0.301669338,0.999786912
0.301968268,0.999779932
0.302268429,0.999775156
0.302569854,0.999765236
0.302871586,0.999757888
0.303175686,0.999749438
0.303480715,0.99974503
0.303788091,0.999740621
0.304096116,0.999733273
0.304404815,0.999726293
0.30471318,0.999718945
0.305025789,0.999713801
0.305339038,0.999703147
0.30565208,0.999692493
0.305964971,0.999681471
0.306280417,0.999672286
0.306597567,0.999664938
0.30691539,0.999659427
0.307235747,0.999650977
0.307556249,0.99964216
0.307875981,0.999634077
0.308199559,0.999625995
0.308522871,0.999617545
0.308847217,0.999610564
0.309169336,0.999602114
0.309495556,0.999594031
0.309822619,0.999586316
0.310150957,0.999577499
0.310476845,0.999565375
0.310806561,0.999555455
0.311138629,0.999545903
0.311471178,0.999535249
0.311805353,0.999525329
0.312137422,0.999511736
0.312469656,0.999502918
0.312804943,0.999492264
0.313143675,0.999480507
0.313482226,0.999467649
0.313821267,0.999452953
0.314161881,0.999441931
0.314502725,0.999428338
0.314845374,0.999414744
0.315189385,0.999404457
0.315530141,0.999388292
0.315872464,0.999370657
0.316216811,0.999354124
0.316564737,0.999340898
0.316914214,0.999327672
0.317261136,0.999314079
0.3176108,0.999300852
0.317959741,0.999283952
0.318305975,0.999268155
0.318657999,0.999253826
0.31901128,0.999235457
0.319366528,0.999220394
0.319722021,0.999208637
0.32007758,0.999195411
0.320430562,0.99917153
0.320786137,0.999152426
0.321147081,0.99913773
0.321508275,0.999119361
0.321866144,0.999100991
0.322227149,0.999085928
0.322588276,0.999066089
0.322951527,0.999045882
0.323316945,0.999028247
0.323682072,0.999013184
0.324048514,0.998995549
0.324418038,0.99897718
0.324789023,0.998961382
0.325157792,0.998944849
0.325524078,0.998925745
0.325889311,0.998898558
0.326262051,0.998878719
0.326633457,0.998852266
0.327007216,0.99883059
0.327380817,0.998808179
0.327755554,0.998783564
0.328130158,0.998754907
0.328507041,0.998728455
0.328882953,0.998704942
0.329260665,0.998682164
0.329640613,0.998657181
0.330023499,0.998631096
0.330403609,0.998608318
0.33078719,0.99858554
0.331168443,0.998558353
0.331553269,0.99853337
0.331936695,0.998505081
0.332323755,0.998478261
0.332713411,0.998454381
0.333101428,0.998428296
0.333493686,0.998404048
0.333879264,0.998368043
0.33427024,0.998337182
0.334664583,0.99831073
0.33505456,0.998277665
0.335445211,0.998251213
0.335840082,0.998221454
0.336234748,0.998189858
0.336633662,0.998158262
0.337035321,0.998133647
0.337435308,0.998101684
0.337838278,0.998071925
0.338237537,0.998038492
0.338641873,0.998003223
0.339047507,0.997974199
0.339452449,0.997937092
0.339856016,0.997898883
0.340261203,0.997862144
0.340671051,0.997826874
0.341079621,0.997794911
0.341487121,0.997759642
0.341899599,0.997722902
0.342312344,0.997689102
0.342722426,0.997647587
0.343138327,0.997611583
0.343552822,0.99757668
0.343969538,0.997540676
0.344384817,0.997507611
0.344800781,0.99746683
0.345220882,0.997431193
0.345641469,0.997391882
0.346059194,0.997348897
0.34648088,0.99730628
0.346898908,0.997262192
0.347324,0.997219942
0.347752377,0.997179162
0.34817632,0.997137646
0.348565434,0.997101275
0.348954753,0.997063433
0.349348241,0.997023755
0.349746051,0.99699069
0.350142038,0.996957624
0.350539114,0.996920518
0.350933403,0.996878267
0.351327246,0.996829037
0.351727259,0.996782011
0.352127088,0.996746006
0.352528619,0.996706328
0.352929184,0.996659302
0.353327327,0.996606397
0.353729519,0.996561208
0.354125225,0.996505364
0.354530012,0.996457971
0.354936115,0.996409475
0.355339163,0.996363918
0.355746564,0.996320566
0.356152639,0.996271703
0.356561344,0.996227616
0.356972378,0.996182059
0.357382533,0.996133931
0.357790616,0.996079924
0.358205157,0.996035102
0.35861937,0.9959833
0.359037291,0.995933334
0.359457546,0.99588741
0.359874991,0.995838547
0.360293438,0.995786745
0.360709742,0.995733106
0.361126561,0.995679834
0.36154587,0.99562546
0.361968132,0.995577331
0.362387884,0.995518549
0.362811956,0.995464542
0.363234654,0.995405392
0.36366155,0.995351018
0.364089495,0.995301052
0.364517884,0.995245943
0.36494939,0.995193774
0.365377124,0.995133521
0.365808973,0.995074739
0.366242365,0.995016691
0.366675738,0.994964154
0.367111255,0.994904269
0.367541832,0.994836301
0.367973635,0.994766864
0.368408606,0.994705509
0.368847646,0.99464489
0.369285578,0.994576555
0.369722482,0.994503444
0.370166248,0.99443915
0.370608846,0.994372652
0.37104546,0.994298439
0.37149138,0.994233778
0.371926413,0.994156258
0.372371907,0.994083514
0.372815948,0.994010036
0.373260132,0.993934353
0.373708769,0.993861609
0.374154594,0.993780415
0.374609119,0.993708407
0.375057395,0.993628315
0.375510775,0.993558143
0.375966081,0.993473276
0.376416325,0.993395021
0.376869315,0.993306847
0.377327558,0.993229694
0.377785564,0.993146296
0.378246194,0.993072083
0.378709161,0.992990155
0.379168371,0.992900511
0.379631167,0.992821154
0.380093714,0.992737021
0.380556507,0.992645908
0.381020272,0.992559203
0.38148636,0.992472866
0.381955094,0.992389101
0.382426493,0.992302029
0.38289728,0.992218998
0.383366931,0.992125313
0.383835443,0.992027587
0.384304835,0.991935004
0.38477973,0.991843523
0.385251359,0.991750573
0.385725165,0.991643294
0.386205,0.991552916
0.386684969,0.991465844
0.387166223,0.991376935
0.387644634,0.991282883
0.388124667,0.991182584
0.388603451,0.991075673
0.389088699,0.990975375
0.389575864,0.990884629
0.390060201,0.990783229
0.390549083,0.990692483
0.391040229,0.990587041
0.391527801,0.990481967
0.392020025,0.99038718
0.392510015,0.990281371
0.393002295,0.990177399
0.39349155,0.990069386
0.393985279,0.989967251
0.394484272,0.98985887
0.394978692,0.989747917
0.39548082,0.989636598
0.395980782,0.989530789
0.396481601,0.989419469
0.396977459,0.989300801
0.397483383,0.989190216
0.397987964,0.98907412
0.398493565,0.988958391
0.399000751,0.988845602
0.399504327,0.988718484
0.400011922,0.988601653
0.400523045,0.988485925
0.401036257,0.988367992
0.401553504,0.988257039
0.4020671,0.988143883
0.402580298,0.988016765
0.403095978,0.987895893
0.403612371,0.98776951
0.404134498,0.987658925
0.404653535,0.987533644
0.405173073,0.987400648
0.405689456,0.987268754
0.406206148,0.987129145
0.406730008,0.987006069
0.407254166,0.986868296
0.407781019,0.986739709
0.4083112,0.986608183
0.408837752,0.9864818
0.409362009,0.986344028
0.409892321,0.98620699
0.410416302,0.986056359
0.41094499,0.985911607
0.411476389,0.985772733
0.412011122,0.985638634
0.41253945,0.985495719
0.413081249,0.985359784
0.41362223,0.985217235
0.414158613,0.985061828
0.414698332,0.984914137
0.415234455,0.984761669
0.41577355,0.984605527
0.416311267,0.984447916
0.416857475,0.984302061
0.41740356,0.984143715
0.417943956,0.983979858
0.418496557,0.983829595
0.419038114,0.983654348
0.419582005,0.98348792
0.420136938,0.983336187
0.420687436,0.983179678
0.421240401,0.983018025
0.421794291,0.982852698
0.422349221,0.98268627
0.422902888,0.982517269
0.423452147,0.982331736
0.424013247,0.982171553
0.424573415,0.982006594
0.425127049,0.98182253
0.425693095,0.981652795
0.426260839,0.981489306
0.426827955,0.981316999
0.427388559,0.981132568
0.427948884,0.980949606
0.428520199,0.980769217
0.429086608,0.98058846
0.429656854,0.980400722
0.430228654,0.980225843
0.430796086,0.980029656
0.431367925,0.979847797
0.43193504,0.979651609
0.432511874,0.9794613
0.43308651,0.979276502
0.43365774,0.979078477
0.434234985,0.978891842
0.434807653,0.97868647
0.435387213,0.978492486
0.435974009,0.97830034
0.436548284,0.97808762
0.437122804,0.977868287
0.43770841,0.977673936
0.438286457,0.977465625
0.438875654,0.977269805
0.439463861,0.977059656
0.440051372,0.976849875
0.440645848,0.976641931
0.44123486,0.976433987
0.441824537,0.976209511
0.442425944,0.976014793
0.443014429,0.975791051
0.443610017,0.975571718
0.444215655,0.975355323
0.44480632,0.97512754
0.445408192,0.974906003
0.446013933,0.974699896
0.446612115,0.97447248
0.447206836,0.974229633
0.447803445,0.973996339
0.448414112,0.973776639
0.449011282,0.973535997
0.449618377,0.973312255
0.450220609,0.973062428
0.450812252,0.972795701
0.451428413,0.972568285
0.452045162,0.972335726
0.452660688,0.972086634
0.453280434,0.971840481
0.453900581,0.971603881
0.454511338,0.971351115
0.45512911,0.971093573
0.455748006,0.970841174
0.456365793,0.970578121
0.456987097,0.970326825
0.457604401,0.970067813
0.4582251,0.969801821
0.458852475,0.969538401
0.459472738,0.96926947
0.460103728,0.969014132
0.460729459,0.968739323
0.461354479,0.968470391
0.461991287,0.968211013
0.462628322,0.967946857
0.463254405,0.967665802
0.463883924,0.967379604
0.464516994,0.967088262
0.46515328,0.96679545
0.465789959,0.966519906
0.466428539,0.966263466
0.467041999,0.965983513
0.467646878,0.965690701
0.468255199,0.9654034
0.468878655,0.96513153
0.469496004,0.964849005
0.470115041,0.964570522
0.470722809,0.964274036
0.471345588,0.963975347
0.471969744,0.963671146
0.472592684,0.963365843
0.473219892,0.963067153
0.473847608,0.962754869
0.474466443,0.962437442
0.475101635,0.962138385
0.475735008,0.961834551
0.476370014,0.96153329
0.476996032,0.961207413
0.477622412,0.960883005
0.478252336,0.960565946
0.478893255,0.960255499
0.479533117,0.959939542
0.480167799,0.959601908
0.480807578,0.959289625
0.481436353,0.95894942
0.482067892,0.958601866
0.482715271,0.958288113
0.483351939,0.957954521
0.4839882,0.957614316
0.484630595,0.957282193
0.48527198,0.956937947
0.485914636,0.956601048
0.486557162,0.956263047
0.487204559,0.955916229
0.487852323,0.955576758
0.488495034,0.955222592
0.489136359,0.954862915
0.489783203,0.954505442
0.490427758,0.954143561
0.491076242,0.953789027
0.49172134,0.953423839
0.492363328,0.953038077
0.493016644,0.95266995
0.493660549,0.952302558
0.494307243,0.951925981
0.494964997,0.951559691
0.495622869,0.951201483
0.496288889,0.950843276
0.496948172,0.950466331
0.497605041,0.950088284
0.498265613,0.94970987
0.498927416,0.9493366
0.499584341,0.948937979
0.500245391,0.948547074
0.500917674,0.948168292
0.501581788,0.947780326
0.502248616,0.947387216
0.502913875,0.946985656
0.503573939,0.946570503
0.504244175,0.946164902
0.504915891,0.945757831
0.505578912,0.945340841
0.506260673,0.94494369
0.506931663,0.94453221
0.507600076,0.944100157
0.508267115,0.943671778
0.508935702,0.943244133
0.5096008,0.942805834
0.510282912,0.942391783
0.510960992,0.941956055
0.51163743,0.941519593
0.512307875,0.941076518
0.512983438,0.940629769
0.513663762,0.940185592
0.514342161,0.939737006
0.515025646,0.939279235
0.515698968,0.938806769
0.516384691,0.938355243
0.517058063,0.937885349
0.517746262,0.937426476
0.518429173,0.936967603
0.519118052,0.936503586
0.519795596,0.93602818
0.520477388,0.935549101
0.52116087,0.935067817
0.521854037,0.934594983
0.522541001,0.934103045
0.523229231,0.933614413
0.523916464,0.93312872
0.524624537,0.932662867
0.525311424,0.932151089
0.526009223,0.931626086
0.526723749,0.93114223
0.527424445,0.930624574
0.528145379,0.930121982
0.5288404,0.929593671
0.529558793,0.92907822
0.530276713,0.928578934
0.530993886,0.928064217
0.531708464,0.927539214
0.532422554,0.92700429
0.533140267,0.926467163
0.533872929,0.925945466
0.534601146,0.925424503
0.535321269,0.924880763
0.536039351,0.924335185
0.536770402,0.923811284
0.537487653,0.923246969
0.53821125,0.922691105
0.538941625,0.922134873
0.539671987,0.921575702
0.54040494,0.921032328
0.541140162,0.920474627
0.541867921,0.919901127
0.542600536,0.919334976
0.543327696,0.918758905
0.54405878,0.918189814
0.544784371,0.91759721
0.545517986,0.917026283
0.546250597,0.916445803
0.54698147,0.915853934
0.547708183,0.915255084
0.548442696,0.914663215
0.549166427,0.914059222
0.549903691,0.913460005
0.550635496,0.912866667
0.551380928,0.912272226
0.552111843,0.911659416
0.552838124,0.911031909
0.553572518,0.910415793
0.554317185,0.909818413
0.555060125,0.909204133
0.555815708,0.908606018
0.556555362,0.907972634
0.557317292,0.907326391
0.5580828,0.9066728
0.558857822,0.906028394
0.559612618,0.905350922
0.56036882,0.904685207
0.561120118,0.903995979
0.561887973,0.903316303
0.562651378,0.902624871
0.563405685,0.901929397
0.564164631,0.901224004
0.564917916,0.900520815
0.565689769,0.899826076
0.566447831,0.899121051
0.567205533,0.898400962
0.567979837,0.897711366
0.568743367,0.896996421
0.569502578,0.896287721
0.570262275,0.89559335
0.571015365,0.894865545
0.571764993,0.894143252
0.572535451,0.893432715
0.573293922,0.892712259
0.574063504,0.891993272
0.574826306,0.891251875
0.575584118,0.89050864
0.576346287,0.889761364
0.577100987,0.888993881
0.577864296,0.888235216
0.578628596,0.887479123
0.579403333,0.886725601
0.580172089,0.885975019
0.580950126,0.885226641
0.581703009,0.884439319
0.58246977,0.883671469
0.583246709,0.882899578
0.58402317,0.882130993
0.584801135,0.881344039
0.585590826,0.880566269
0.586378326,0.879802093
0.58715633,0.879019547
0.587933802,0.878234063
0.588730962,0.877465845
0.589511975,0.876664195
0.5902803,0.875851524
0.591044416,0.875027095
0.591810533,0.874202299
0.592588401,0.873393669
0.593362181,0.872568873
0.594135291,0.871737097
0.594910217,0.870889523
0.595680202,0.870043786
0.596460422,0.869202825
0.597221612,0.868327696
0.597989959,0.867467998
0.598783892,0.866634753
0.599552466,0.865759624
0.60032488,0.864893313
0.601109546,0.864028471
0.601889856,0.863150404
0.602647791,0.862238903
0.60342004,0.861347242
0.604209931,0.860482033
0.604971731,0.859545918
0.605775564,0.858628907
0.606562544,0.85768728
0.607357222,0.856756308
0.608156375,0.855817988
0.608961596,0.854867544
0.609783221,0.853958983
0.610602226,0.853026174
0.611406795,0.852070586
0.612214178,0.851117938
0.613036958,0.850170801
0.613863584,0.849242768
0.614677319,0.848285711
0.615486172,0.847306243
0.616288169,0.846312079
0.617105406,0.845339224
0.617893969,0.844333672
0.618705009,0.843349795
0.619484074,0.842331751
0.620305877,0.84136257
0.621125531,0.8403651
0.621925783,0.83935073
0.622740427,0.838329746
0.623544054,0.837309498
0.624331632,0.836259123
0.625148732,0.83523116
0.625935185,0.834160946
0.626757535,0.833133349
0.627553585,0.832072688
0.628346807,0.830989983
0.629162584,0.829941812
0.629939299,0.828849922
0.63074246,0.827787056
0.631555017,0.826720884
0.63236742,0.825652507
0.633178633,0.824587804
0.633970514,0.823467625
0.634779659,0.822388226
0.63558466,0.821297806
0.636395045,0.820207753
0.637209821,0.819116965
0.638016692,0.818028382
0.638811678,0.816902324
0.639637052,0.815812271
0.640447433,0.814691725
0.641262318,0.813571913
0.64205529,0.81243116
0.642857871,0.811292978
0.643685478,0.810171697
0.644469842,0.809009268
0.645256728,0.807845002
0.646056066,0.806699105
0.646864546,0.805557617
0.647689835,0.80440474
0.648502732,0.803254067
0.649312256,0.802083555
0.650122777,0.800922228
0.650922981,0.799750247
0.65171667,0.798567611
0.652519552,0.79738424
0.6533101,0.796178826
0.654083894,0.794946592
0.65487256,0.793741913
0.655690214,0.792542009
0.656505572,0.791332187
0.657321581,0.790116485
0.65812381,0.788883884
0.658899531,0.787629974
0.659678057,0.786366512
0.660463774,0.785112969
0.661266073,0.783858325
0.662063881,0.782608823
0.662861788,0.781327359
0.663656076,0.780050671
0.664444766,0.778768472
0.665255218,0.777498396
0.666064016,0.776233465
0.666862262,0.774933263
0.667646388,0.773628286
0.668462079,0.77234131
0.669267582,0.771046987
0.670061041,0.769726579
0.670847874,0.768396987
0.671642439,0.767082089
0.672440687,0.765762416
0.673254467,0.764445682
0.674084644,0.763138868
0.674850404,0.761763718
0.675634633,0.760411715
0.676428056,0.759066324
0.677216732,0.757704401
0.678017892,0.756358643
0.678807017,0.754991208
0.679618762,0.753649124
0.680389042,0.752268831
0.681193474,0.750891845
0.681971864,0.749504939
0.682744305,0.748096357
0.683557978,0.746732229
0.684324455,0.745309319
0.685112099,0.743893756
0.685850681,0.742443291
0.686618258,0.741011196
0.68738595,0.739571385
0.688189357,0.738170886
0.688974333,0.736730708
0.689746978,0.735278774
0.690553176,0.733791937
0.691381724,0.732256237
0.692201572,0.730726415
0.693017224,0.729165365
0.693818037,0.727600642
0.69465146,0.72605245
0.695467452,0.724500218
0.696308345,0.722962314
0.697144837,0.721407877
0.69798876,0.719846827
0.698836007,0.718278429
0.699655416,0.716650146
0.700473268,0.715055664
0.701304409,0.713461548
0.702143843,0.711866698
0.702977505,0.710235109
0.703775469,0.70856972
0.704604244,0.706930415
0.705429481,0.705284865
0.706273378,0.703637845
0.707096376,0.701981273
0.707937563,0.700330947
0.708765607,0.698665925
0.709633898,0.697015599
0.71049831,0.695363436
0.711341997,0.693659103
0.712173371,0.691949626
0.712995085,0.690216269
0.713859856,0.688525162
0.714701131,0.686796949
0.715509193,0.685024648
0.716327881,0.683285413
0.717145609,0.681530013
0.71794638,0.67976359
0.718765068,0.677986514
0.71957069,0.676210907
0.720427078,0.674456241
0.72127619,0.67269533
0.722089904,0.670877472
0.722911734,0.669072474
0.723698189,0.667219715
0.724519358,0.665398551
0.725319155,0.663572244
0.72613492,0.661746304
0.726967119,0.659901994
0.727774482,0.658067237
0.728577233,0.656203089
0.729379734,0.654327918
0.730193841,0.652479935
0.731057534,0.650655832
0.73190843,0.648794623
0.732743791,0.6469268
0.733551766,0.645029219
0.734404615,0.643153314
0.735250546,0.641287695
0.736085951,0.639388277
0.736926756,0.637481878
0.737779404,0.635571806
0.738578692,0.633633444
0.739407677,0.631697654
0.740235271,0.629751209
0.741080683,0.627804397
0.741880256,0.625810927
0.742728311,0.623858971
0.743583954,0.62192612
0.744399094,0.61993265
0.7451894,0.617898766
0.746002856,0.615893906
0.746842713,0.613897496
0.747644948,0.611861775
0.748458938,0.609843322
0.749289282,0.607819358
0.750082455,0.605758287
0.750923432,0.603716688
0.751754826,0.601695295
0.752583708,0.599654063
0.753409576,0.597602545
0.754215132,0.595533759
0.755005078,0.593454685
0.755867112,0.59140831
0.756751695,0.589336585
0.75756885,0.587255675
0.758401718,0.585196074
0.759246751,0.583101937
0.760053638,0.580986492
0.760903409,0.578910726
0.761737255,0.576796383
0.762535558,0.574650077
0.763360933,0.572505976
0.764183654,0.570372161
0.764962154,0.568195362
0.765768936,0.566009377
0.766587814,0.56385205
0.767404365,0.561674148
0.768241967,0.559511309
0.769065976,0.557366473
0.769865674,0.555215758
0.770616708,0.553031244
0.771409271,0.550857751
0.772209365,0.548684258
0.773002077,0.546505254
0.773775533,0.544318168
0.774533851,0.542120427
0.775347413,0.539948403
0.77613683,0.537758745
0.776930895,0.535566148
0.77768688,0.533306685
0.778472897,0.531086901
0.77924994,0.528870056
0.780044369,0.526668641
0.780835353,0.524442978
0.781612438,0.522222826
0.78239001,0.519994959
0.783131633,0.517731823
0.783931269,0.51548779
0.784699894,0.513229062
0.785478744,0.510982826
0.786222264,0.508681113
0.786957823,0.506384911
0.787703249,0.504077687
0.788486197,0.501774872
0.78926179,0.499488223
0.79006915,0.497208553
0.790855356,0.494905003
0.791634242,0.492593371
0.792412281,0.490244264
0.793184596,0.48789773
0.793949657,0.485568095
0.794741975,0.483217519
0.795578123,0.480895967
0.796350868,0.478539145
0.797106289,0.476157708
0.79791074,0.473802356
0.798723586,0.471428634
0.799573642,0.469065934
0.80032476,0.466635634
0.801113053,0.464230317
0.80189242,0.461804793
0.802650998,0.459362369
0.803458017,0.456927292
0.804291305,0.454490012
0.805136604,0.452068529
0.805939355,0.449626105
0.806733412,0.447138124
0.807550954,0.444645735
0.808359243,0.442164
0.809161751,0.439669406
0.809951896,0.437162321
0.810725405,0.434620333
0.811420122,0.432066222
0.812209006,0.429534521
0.813060604,0.427038091
0.813876429,0.424482142
0.814676021,0.421951911
0.815505905,0.419403311
0.816355678,0.41683781
0.817188372,0.414246592
0.818000895,0.411645087
0.81872735,0.409022274
0.819519629,0.406414155
0.820371921,0.40379722
0.821137997,0.401160813
0.821940883,0.398521834
0.82276721,0.395885794
0.823527058,0.393217056
0.82432862,0.390575505
0.825087409,0.387892807
0.825963976,0.385251256
0.826787746,0.382564516
0.827599593,0.379872265
0.82837413,0.377170095
0.829202852,0.374465352
0.830022298,0.371712482
0.83083651,0.368958142
0.83165534,0.366241275
0.83247638,0.363501263
0.833284399,0.360775212
0.834093049,0.358049896
0.834918492,0.355315028
0.835630062,0.352532766
0.836427294,0.349760791
0.837282657,0.346985142
0.83808371,0.344178632
0.838946394,0.3413949
0.839785485,0.338569286
0.840685889,0.335785922
0.841482245,0.332963614
0.84225604,0.330094648
0.843026123,0.327222742
0.843847193,0.324357817
0.844624106,0.321486646
0.845492638,0.318624292
0.846257323,0.315716015
0.847030324,0.312798185
0.847879886,0.309900929
0.848719863,0.306969138
0.849593304,0.304078496
0.850351747,0.301090861
0.851239981,0.298191034
0.85211228,0.295225443
0.852967854,0.292281896
0.85381553,0.289331368
0.85462173,0.286353286
0.855456576,0.283376673
0.856291053,0.280372506
0.857180321,0.277401405
0.857963169,0.274358294
0.858835623,0.271343473
0.859598921,0.26829926
0.860478004,0.265258354
0.861371561,0.262216346
0.862128733,0.259128046
0.862957639,0.256043787
0.863881033,0.252952548
0.864753015,0.249881516
0.865561239,0.246764927
0.866380206,0.243638418
0.867270586,0.240550853
0.868237207,0.237429121
0.869192544,0.234299673
0.869995339,0.231108503
0.870916572,0.227932764
0.871757566,0.224754086
0.872671315,0.221578347
0.873548825,0.218363297
0.874462798,0.215146777
0.875385309,0.21190454
0.876247049,0.208650179
0.877160225,0.205383326
0.877984174,0.20214513
0.878972702,0.198918691
0.87990437,0.195659554
0.880745734,0.192376903
0.881687463,0.189118868
0.882663307,0.185858996
0.883531416,0.182553935
0.884446435,0.17923528
0.885458261,0.175890541
0.886439821,0.172545801
0.887323509,0.169194448
0.888200652,0.165842361
0.889111598,0.162480354
0.890003844,0.159081607
0.890912034,0.155708946
0.89179452,0.152325997
0.89262787,0.148911453
0.893359539,0.14545172
0.894374521,0.142048197
0.895321217,0.138617121
0.896183597,0.135145998
0.897152897,0.131699123
0.897896329,0.128209264
0.898740812,0.124740345
0.899683504,0.121250486
0.900554302,0.117766137
0.901588369,0.114300158
0.90262401,0.110795603
0.903504807,0.107230795
0.904573049,0.103739466
0.905394056,0.10020258
0.906269483,0.096660918
0.907109891,0.093076639
0.907784578,0.089472888
0.908585352,0.085895956
0.90947835,0.082321596
0.91016934,0.078729601
0.9109622,0.075117033
0.911742249,0.071507771
0.912655048,0.067931941
0.913324918,0.064330027
0.914009005,0.060711948
0.914409324,0.057074029
0.915027869,0.05343758
0.915686579,0.049800028
0.916443797,0.04620289
0.916974827,0.042544765
0.917041505,0.038874148
0.917001147,0.03525313
0.917417609,0.031643133
0.9176431,0.028053342
0.917508696,0.024419832
0.916957929,0.020819388
0.915575647,0.017188449
0.91212472,0.013606374
0.908480882,0.010047445
0.901583596,0.00652599
0.904880323,0.003208437
1,0
